pl_name,pl_rade,pl_orbper,pl_eqt
55 Cnc e,2.02311213,0.73654625026,1831.27
55 Cnc e,2.08,0.7365437,1958.0
AU Mic b,3.95677019,8.46308,600.0
AU Mic b,4.07,8.463,593.0
AU Mic c,2.52202066,18.85969,459.0
AU Mic c,3.24,18.859019,454.0
BD+20 594 b,2.23,41.6855,546.0
BD-14 3065 b,21.59,4.2889731,2001.0
BD-14 3065 b,20.7112,4.2889696,1404.0
CFHTWIR-Oph 98 b,20.8487041,8040000.0,1800.0
COCONUTS-2 b,12.44196858,402000000.0,434.0
CoRoT-1 b,20.5944,1.5089635,2036.0
CoRoT-1 b,15.91678,1.508976552,1834.0
CoRoT-1 b,16.7,1.5089557,1898.0
CoRoT-1 b,17.385159,1.5089686,1915.0
CoRoT-10 b,7.38532555,13.23412611048,510.96
CoRoT-10 b,10.87,13.2406,600.0
CoRoT-10 b,10.547669,13.2406,647.0
CoRoT-11 b,15.58051,2.994325,1715.0
CoRoT-11 b,21.74555811,2.99328197444,1681.79
CoRoT-11 b,15.984034,2.99433,1735.0
CoRoT-11 b,16.03,2.99433,1657.0
CoRoT-12 b,17.76037065,2.82803914989,1293.28
CoRoT-12 b,15.064896,2.82805268,1417.0
CoRoT-12 b,16.14,2.828042,1442.0
CoRoT-12 b,15.13215,2.828042,1410.0
CoRoT-13 b,9.92,4.03519,1700.0
CoRoT-13 b,12.53306062,4.03504443843,1233.17
CoRoT-13 b,14.033668,4.03519,1432.0
CoRoT-14 b,11.410762,1.51214,1936.0
CoRoT-14 b,12.22,1.51214,1952.0
CoRoT-17 b,11.287463,3.7681,1610.0
CoRoT-17 b,11.43,3.7681,1626.0
CoRoT-18 b,12.845514,1.90009,1487.0
CoRoT-18 b,14.68,1.9000693,1550.0
CoRoT-18 b,15.04962078,1.90008624739,1366.35
CoRoT-18 b,14.022459,1.9000693,1490.0
CoRoT-19 b,13.49322275,3.89712026062,1470.09
CoRoT-19 b,14.46,3.89713,2000.0
CoRoT-19 b,13.33871,3.89713,1630.0
CoRoT-2 b,16.47723,1.7429935,1548.0
CoRoT-2 b,16.36514,1.7429935,1521.0
CoRoT-2 b,16.92270968,1.74301433466,1409.55
CoRoT-2 b,15.849526,1.7429975,1535.0
CoRoT-20 b,9.42,9.24285,1002.0
CoRoT-20 b,15.39650566,9.2432302936,935.32
CoRoT-20 b,13.00244,9.24285,1100.0
CoRoT-20 b,11.209,9.24318,1024.0
CoRoT-22 b,4.88,9.75598,885.0
CoRoT-23 b,11.77,3.6313,1660.0
CoRoT-23 b,13.22662,3.6313,1710.0
CoRoT-24 b,3.7,5.1134,1070.0
CoRoT-24 c,5.0,11.759,850.0
CoRoT-25 b,12.11,4.86069,1330.0
CoRoT-26 b,14.12,4.20474,1600.0
CoRoT-27 b,11.287,3.57532,1500.0
CoRoT-3 b,11.623733,4.2567994,1695.0
CoRoT-32 b,6.38913,6.71837,938.0
CoRoT-35 b,18.83108758,3.22748,1747.0
CoRoT-36 b,15.80466279,5.616531,1567.0
CoRoT-4 b,13.34,9.20205,1074.0
CoRoT-4 b,13.00244,9.20205,1058.0
CoRoT-4 b,13.43739593,9.20164964154,963.83
CoRoT-5 b,14.078504,4.0379156,1397.0
CoRoT-5 b,13.249038,4.0378962,1348.0
CoRoT-5 b,15.558,4.0378962,1438.0
CoRoT-5 b,18.38267405,4.03790124331,1350.57
CoRoT-6 b,13.282665,8.886593,1025.0
CoRoT-6 b,13.068,8.886593,1017.0
CoRoT-7 b,1.860694,0.853585,1910.0
CoRoT-7 b,1.585,0.85359159,1756.0
CoRoT-8 b,6.938371,6.212445,870.0
CoRoT-8 b,7.980808,6.21229,922.0
CoRoT-9 b,11.948794,95.272656,420.0
CoRoT-9 b,11.623733,95.2738,413.0
DS Tuc A b,6.17576816,8.13822217724,836.71
DS Tuc A b,5.7,8.138268,850.0
EPIC 201595106 b,1.2,0.87703,1874.0
EPIC 201595106 b,1.565,0.87724,2038.0
EPIC 205950854 c,1.31,8.050722,960.6
EPIC 211822797 b,1.92,21.1701963,431.0
EPIC 211945201 b,5.76,19.49221,817.0
EPIC 211945201 b,5.50689,19.4921473,662.0
EPIC 211945201 b,6.12,19.49213,886.35
EPIC 212297394 b,1.48,2.289363,1149.0
EPIC 212297394 c,2.27,5.213965,866.0
EPIC 212587672 b,1.26,15.28078,756.0
EPIC 212587672 c,2.32,23.228555,658.0
EPIC 212737443 b,2.586,13.603,536.0
EPIC 212737443 c,2.69,65.55,316.0
EPIC 220674823 b,1.82,0.571336,2063.0
EPIC 220674823 b,1.676,0.5713127,2299.0
EPIC 220674823 b,1.82,0.571331,2119.0
EPIC 220674823 b,1.52,0.571292,2333.0
EPIC 220674823 b,1.725,0.571292,2300.0
EPIC 220674823 c,2.84,13.33989,804.0
EPIC 220674823 c,2.5,13.3397,774.0
EPIC 220674823 c,2.77,13.3387,722.0
EPIC 220674823 c,2.73,13.339079,741.0
EPIC 220674823 c,2.836,13.3397,805.0
EPIC 228836835 b,1.27,0.72813,932.0
EPIC 229004835 b,2.02,16.13655,739.0
EPIC 229004835 b,2.332,16.141132,804.0
EPIC 246851721 b,11.780659,6.180235,1401.0
EPIC 246851721 b,13.70374653,6.18026138745,1406.03
EPIC 248847494 b,12.44199,3650.0,183.0
EPIC 249893012 b,1.95,3.5951,1616.0
EPIC 249893012 c,3.67,15.624,990.0
EPIC 249893012 d,3.94,35.747,752.0
G 9-40 b,2.06081,5.7459945,393.0
G 9-40 b,2.025,5.746007,456.0
G 9-40 b,1.9,5.7459982,440.6
GJ 1132 b,1.16,1.62893,409.0
GJ 1132 b,1.21456642,1.62893219977,545.71
GJ 1132 b,1.19151465,1.62892911,583.8
GJ 1132 b,1.43,1.6289287,644.0
GJ 1132 b,1.13,1.628931,529.0
GJ 1214 b,2.742,1.58040433,596.0
GJ 1214 b,2.678,1.5803925,555.0
GJ 1214 b,2.733,1.580404531,567.0
GJ 1214 b,2.74,1.58040487,547.0
GJ 1252 b,1.193,0.5182349,1089.0
GJ 1252 b,1.34851206,0.51824246094,1019.33
GJ 143 b,3.12194,35.6134391,505.0
GJ 143 b,2.61,35.61253,422.0
GJ 238 b,0.566,1.7446999,758.0
GJ 238 b,0.591815,1.7447031,896.0
GJ 3090 b,2.02068,2.8531016,610.0
GJ 3090 b,2.13,2.8531054,693.0
GJ 341 b,0.867887,7.5768334,629.0
GJ 3470 b,3.88,3.3366487,604.0
GJ 3470 b,4.57,3.3366496,593.5
GJ 3470 b,4.13050781,3.33665106329,595.19
GJ 3470 b,4.2,3.33714,615.0
GJ 3470 b,3.88,3.336649,615.0
GJ 3473 b,1.264,1.1980035,773.0
GJ 3473 b,1.21073388,1.19799956042,704.63
GJ 357 b,1.2,3.9306,518.0
GJ 357 b,1.26995,3.9306027,561.0
GJ 357 b,1.217,3.93072,525.0
GJ 367 b,0.718,0.321962,1745.0
GJ 367 b,2.66076,0.3219233,1296.0
GJ 367 b,0.699,0.3219225,1365.0
GJ 3929 b,1.09728674,2.61627687236,533.23
GJ 3929 b,1.15,2.6162745,568.8
GJ 3929 b,1.09,2.616235,568.0
GJ 414 A b,2.63,50.8,308.6
GJ 414 A c,8.4,749.83,124.7
GJ 436 b,4.2224,2.64385,649.0
GJ 436 b,4.1910451,2.64389788,686.0
GJ 436 b,4.091285,2.64389524,669.0
GJ 436 b,3.81211403,2.64388561055,594.05
GJ 436 b,4.26,2.6,650.0
GJ 486 b,1.3241394,1.46711903473,639.36
GJ 486 b,1.289,1.46712127,696.3
GJ 486 b,1.343,1.4671205,706.0
GJ 486 b,1.305,1.467119,701.0
GJ 806 b,1.67823,0.9263237,1162.0
GJ 806 b,1.331,0.9263237,940.0
GJ 9827 b,1.577,1.2089819,1175.0
GJ 9827 b,1.44,1.208974,1035.01
GJ 9827 b,1.75,1.208957,1043.5
GJ 9827 b,1.68645,1.2089755,1183.0
GJ 9827 b,1.62,1.2089802,1172.0
GJ 9827 b,1.58,1.208966,1114.0
GJ 9827 c,1.24,3.64823,771.0
GJ 9827 c,1.36,3.64802,721.9
GJ 9827 c,1.13,3.648103,715.94
GJ 9827 c,1.241,3.648096,813.0
GJ 9827 c,1.269,3.648083,811.0
GJ 9827 d,2.022,6.20147,681.0
GJ 9827 d,2.04,6.20142,646.0
GJ 9827 d,2.07,6.201467,680.0
GJ 9827 d,1.89,6.201812,599.68
GJ 9827 d,2.1,6.20141,604.9
GJ 9827 d,1.98,6.20183,675.0
GPX-1 b,16.47720163,1.744579,2300.0
GPX-1 b,15.38981949,1.74428305047,2383.76
Gaia-1 b,12.65581119,3.05226855124,1159.07
Gaia-2 b,14.72447081,3.6915589899,1213.23
Gliese 12 b,0.9,12.76142,315.0
Gliese 12 b,0.958,12.761408,314.6
Gliese 12 b,0.97057627,12.76147058433,299.51
HAT-P-1 b,14.784671,4.46529976,1322.0
HAT-P-1 b,14.79588,4.46,1320.0
HAT-P-1 b,14.784671,4.4652968,1322.0
HAT-P-1 b,14.5331,4.4652986,1118.0
HAT-P-1 b,13.641353,4.4652934,1291.0
HAT-P-1 b,13.921578,4.46543,1306.0
HAT-P-11 b,5.29152,4.8878037,810.0
HAT-P-11 b,4.84,4.887802706,801.0
HAT-P-11 b,4.449973,4.88781501,838.0
HAT-P-11 b,4.84,4.887802706,801.0
HAT-P-11 b,4.73,4.8878162,878.0
HAT-P-11 b,4.901,4.887802443,847.0
HAT-P-11 b,4.68,4.88780026,794.0
HAT-P-11 b,4.82,4.887803076,800.0
HAT-P-11 b,4.84,4.887802706,801.0
HAT-P-12 b,10.76064,3.21,960.0
HAT-P-12 b,10.749,3.2130598,963.0
HAT-P-12 b,10.637341,3.2130579,975.0
HAT-P-12 b,10.301071,3.21305992,955.0
HAT-P-12 b,11.0975,3.2130578,918.0
HAT-P-13 b,16.667783,2.9162382,1740.0
HAT-P-13 b,16.77836104,2.91640044952,1701.0
HAT-P-13 b,14.359,2.91626,1653.0
HAT-P-14 b,13.663771,4.6276691,1624.0
HAT-P-14 b,13.4508,4.627649,1612.0
HAT-P-14 b,12.89,4.627669,1570.0
HAT-P-14 b,14.3694,4.627664,1581.0
HAT-P-15 b,12.016,10.863502,904.0
HAT-P-15 b,9.57313647,10.86149106925,762.19
HAT-P-16 b,15.4018,2.7759678,1761.0
HAT-P-16 b,14.448,2.77596,1626.0
HAT-P-16 b,13.33871,2.775970244,1571.0
HAT-P-17 b,11.8729,10.338505,903.0
HAT-P-17 b,11.321,10.338523,792.0
HAT-P-18 b,10.7299795,5.50806821746,768.05
HAT-P-18 b,11.153,5.508023,852.0
HAT-P-18 b,10.614923,5.507978,841.0
HAT-P-19 b,12.689,4.008778,1010.0
HAT-P-19 b,11.5444262,4.00882450354,914.36
HAT-P-19 b,11.29865255,4.00878322,981.2
HAT-P-2 b,12.3,5.6,1700.0
HAT-P-2 b,12.969,5.6334729,1540.0
HAT-P-2 b,13.2583,5.633477,1372.0
HAT-P-2 b,11.242627,5.63332,1398.0
HAT-P-2 b,13.33871,5.6334729,1516.0
HAT-P-20 b,9.75,2.9,950.0
HAT-P-20 b,11.489225,2.875316938,964.0
HAT-P-20 b,11.1331,2.8753183,846.0
HAT-P-20 b,9.718,2.875317,970.0
HAT-P-21 b,11.478,4.124481,1283.0
HAT-P-21 b,12.4249,4.1244833,1289.0
HAT-P-22 b,12.10572,3.2122312,1463.0
HAT-P-22 b,11.88154,3.21223328,1293.0
HAT-P-22 b,12.106,3.21222,1283.0
HAT-P-22 b,13.0356,3.2122302,1183.0
HAT-P-23 b,15.334,1.212884,2056.0
HAT-P-23 b,14.10495771,1.21291385425,1854.66
HAT-P-23 b,13.72,1.21288287,1951.0
HAT-P-24 b,15.4971874,3.35524440733,1529.96
HAT-P-24 b,13.922,3.35524,1637.0
HAT-P-25 b,12.66750036,3.65281123783,1095.63
HAT-P-25 b,12.722215,3.65281514,1182.0
HAT-P-25 b,13.339,3.652836,1202.0
HAT-P-26 b,6.333,4.234516,1001.0
HAT-P-26 b,7.09629938,4.23421531199,940.71
HAT-P-27 b,10.91473171,3.03908506593,1091.99
HAT-P-28 b,12.35693611,3.25738980165,1237.76
HAT-P-28 b,13.585,3.257215,1384.0
HAT-P-29 b,12.408,5.723186,1260.0
HAT-P-29 b,11.926376,5.72339,1271.0
HAT-P-29 b,11.64707573,5.7238581931,1164.22
HAT-P-3 b,10.614923,2.899736,1189.0
HAT-P-3 b,10.0433,2.8997405,1015.0
HAT-P-3 b,10.211399,2.89973838,1170.0
HAT-P-3 b,10.076891,2.899703,1127.0
HAT-P-30 b,15.99522635,2.81060132493,1578.69
HAT-P-30 b,15.02,2.810595,1630.0
HAT-P-31 b,11.99,5.005425,1450.0
HAT-P-31 b,13.63145276,5.0052605034,1333.32
HAT-P-32 b,22.19382,2.1500082,1835.7
HAT-P-32 b,20.053,2.150008,1786.0
HAT-P-32 b,20.131364,2.1500085,1779.0
HAT-P-32 b,20.63649443,2.14999072037,1676.16
HAT-P-33 b,19.6131,3.4744763,1789.0
HAT-P-33 b,18.898,3.474474,1782.0
HAT-P-34 b,14.5502,5.4526479,1271.0
HAT-P-34 b,13.417,5.452654,1520.0
HAT-P-35 b,14.93,3.646706,1581.0
HAT-P-35 b,13.28441341,3.64666120531,1434.11
HAT-P-36 b,14.168,1.327347,1823.0
HAT-P-36 b,15.4709,1.3273482,1697.0
HAT-P-36 b,14.313893,1.32734683,1780.97
HAT-P-36 b,15.210613,1.3273466,1820.2
HAT-P-36 b,14.616536,1.32734683,1788.0
HAT-P-37 b,13.204,2.797436,1271.0
HAT-P-37 b,12.01490883,2.79747573594,1149.34
HAT-P-38 b,9.247,4.640382,1082.0
HAT-P-38 b,10.24074428,4.64012692204,1007.02
HAT-P-39 b,19.12027571,3.54387321129,1687.33
HAT-P-39 b,17.609,3.54387,1752.0
HAT-P-4 b,15.1633,3.0565259,1715.0
HAT-P-4 b,14.986433,3.0565195,1691.0
HAT-P-4 b,14.28,3.056536,1686.0
HAT-P-40 b,18.03115599,4.45714437131,1648.99
HAT-P-40 b,19.392,4.457243,1770.0
HAT-P-41 b,18.25137548,2.69403477519,1800.75
HAT-P-41 b,18.887,2.694047,1941.0
HAT-P-42 b,14.348,4.641878,1428.0
HAT-P-42 b,12.6031793,4.64184345361,1304.37
HAT-P-43 b,14.359,3.332687,1361.0
HAT-P-43 b,14.4797,3.3326812,1331.0
HAT-P-43 b,13.63,3.3326414,1353.0
HAT-P-44 b,13.922,4.301219,1108.0
HAT-P-44 b,15.3684,4.3011975,1027.0
HAT-P-45 b,16.90823315,3.12904756215,1452.61
HAT-P-45 b,15.984,3.128992,1652.0
HAT-P-46 b,13.39344025,4.46266465618,1561.62
HAT-P-46 b,14.392,4.463129,1458.0
HAT-P-49 b,17.4501,2.6915408,2267.0
HAT-P-49 b,15.838,2.691548,2131.0
HAT-P-5 b,13.94326447,2.78847226599,1377.4
HAT-P-5 b,14.056086,2.788491,1539.0
HAT-P-50 b,14.437192,3.1220109,1862.0
HAT-P-50 b,14.32293971,3.12201660495,1728.26
HAT-P-51 b,13.50682174,4.21802091,1168.2
HAT-P-51 b,13.69767777,4.2186625028,1071.66
HAT-P-51 b,14.493237,4.2180278,1192.0
HAT-P-52 b,11.309881,2.7535953,1218.0
HAT-P-52 b,10.7107,2.7535993,1082.0
HAT-P-53 b,12.8959,1.9618085,1765.0
HAT-P-53 b,14.773462,1.9616241,1778.0
HAT-P-54 b,13.26706229,3.79985358153,782.65
HAT-P-54 b,10.581296,3.799847,818.0
HAT-P-55 b,14.84069045,3.5852313,1367.0
HAT-P-55 b,13.249038,3.5852467,1313.0
HAT-P-55 b,14.54318286,3.58522837273,1233.53
HAT-P-56 b,16.75594879,2.79082852671,1705.34
HAT-P-56 b,16.432394,2.7908327,1840.0
HAT-P-57 b,17.08611392,2.46518010117,1843.0
HAT-P-57 b,15.838317,2.465295,2200.0
HAT-P-58 b,14.93036229,4.0138379,1622.0
HAT-P-58 b,14.95447888,4.01357004878,1391.58
HAT-P-59 b,12.98126322,4.14198051012,1182.99
HAT-P-59 b,12.58768533,4.1419771,1277.8
HAT-P-6 b,15.4014,3.8529998,1604.0
HAT-P-6 b,15.636555,3.853003,1704.0
HAT-P-6 b,14.90797,3.852985,1675.0
HAT-P-60 b,18.3428,4.7947749,1574.0
HAT-P-60 b,18.28184752,4.7947813,1772.0
HAT-P-61 b,10.07687365,1.90231289,1505.0
HAT-P-61 b,11.37324393,1.90250318292,1419.31
HAT-P-62 b,12.02723629,2.6453235,1512.0
HAT-P-62 b,12.78036574,2.64521208547,1423.54
HAT-P-63 b,13.62393371,3.37774192505,1118.89
HAT-P-63 b,12.5428494,3.377728,1237.0
HAT-P-64 b,18.1614,4.007232,1664.0
HAT-P-64 b,19.08889413,4.007232,1766.0
HAT-P-65 b,17.85436992,2.60526736721,1729.58
HAT-P-65 b,18.05766791,2.60544751,1818.0
HAT-P-65 b,21.18501,2.6054552,1930.0
HAT-P-66 b,17.82231,2.972086,1896.0
HAT-P-66 b,15.6498,2.9720774,1848.0
HAT-P-67 b,22.6223,4.8099755,1869.0
HAT-P-67 b,23.370765,4.8101025,1903.0
HAT-P-68 b,13.70588688,2.29840578875,963.63
HAT-P-68 b,12.016048,2.29840551,1027.8
HAT-P-69 b,18.786284,4.7869491,1930.0
HAT-P-69 b,18.0112,4.786958,1933.0
HAT-P-7 b,16.1,2.204735417,2048.0
HAT-P-7 b,15.905571,2.2047354,2200.0
HAT-P-7 b,15.043,2.204737,2733.0
HAT-P-7 b,17.9781,2.2047452,2634.0
HAT-P-7 b,22.3,2.20473537,2303.0
HAT-P-7 b,16.39,2.204735365,2025.0
HAT-P-7 b,16.712619,2.2047372,2700.0
HAT-P-7 b,16.421185,2.2047304,2194.0
HAT-P-7 b,16.39,2.204735365,2025.0
HAT-P-7 b,16.39,2.204735365,2025.0
HAT-P-70 b,20.96083,2.74432452,2562.0
HAT-P-70 b,20.1852,2.7443216,2388.0
HAT-P-8 b,16.81,3.0763776,1700.0
HAT-P-8 b,14.22874853,3.07632903681,1592.5
HAT-P-9 b,15.8493,3.9228042,1369.0
HAT-P-9 b,15.69,3.92289,1530.0
HAT-P-9 b,15.614137,3.92281072,1540.0
HAT-P-9 b,15.46842,3.922814,1540.0
HATS-1 b,14.594,3.446459,1359.0
HATS-1 b,12.53990524,3.44645291291,1199.93
HATS-10 b,10.861521,3.312846,1407.0
HATS-11 b,18.03,3.619188,1596.0
HATS-11 b,16.92559,3.6191613,1637.0
HATS-12 b,7.76,3.142702,1446.0
HATS-12 b,15.13215,3.142833,2097.0
HATS-13 b,13.585308,3.0440499,1244.0
HATS-13 b,12.10867994,3.04405406653,1075.32
HATS-14 b,11.646151,2.7667641,1276.0
HATS-14 b,12.28673887,2.76676000983,1209.57
HATS-15 b,12.385945,1.74748753,1505.0
HATS-16 b,14.5717,2.686502,1592.0
HATS-16 b,13.74702393,2.68650414921,1432.37
HATS-17 b,8.709393,16.254611,814.0
HATS-17 b,9.68176,16.2546802,787.0
HATS-18 b,14.986433,0.8378434,2060.0
HATS-18 b,14.896761,0.83784,2069.48
HATS-18 b,15.97111803,0.83784527504,1909.02
HATS-2 b,13.22366376,1.35413417418,1415.98
HATS-2 b,13.092,1.354133,1577.0
HATS-2 b,12.57647635,1.35413379,1550.0
HATS-22 b,10.682177,4.7228124,858.0
HATS-22 b,12.0898005,4.72281595736,828.4
HATS-23 b,20.84874,2.1605156,1654.0
HATS-24 b,15.636555,1.3484978,2166.0
HATS-24 b,15.88246379,1.34849612642,1839.67
HATS-24 b,16.667783,1.3484954,2067.0
HATS-25 b,14.28926088,4.29864661021,1177.86
HATS-25 b,14.12334,4.2986432,1277.0
HATS-26 b,17.80799124,3.3023907305,1753.94
HATS-26 b,19.61575,3.3023881,1918.0
HATS-27 b,15.3045465,4.6370478737,1543.85
HATS-27 b,16.8135,4.637038,1659.0
HATS-28 b,13.383546,3.1810781,1253.0
HATS-29 b,14.022459,4.6058749,1212.0
HATS-3 b,14.581841,3.547854,1504.86
HATS-3 b,15.48,3.547851,1648.0
HATS-30 b,14.91722558,3.17435042405,1320.65
HATS-30 b,13.170575,3.1743516,1414.0
HATS-31 b,14.33267511,3.37796143336,1617.93
HATS-31 b,18.38276,3.37796,1823.0
HATS-32 b,14.000041,2.8126548,1437.0
HATS-32 b,12.06580062,2.81264847067,1269.89
HATS-33 b,12.91712883,2.54956107674,1337.86
HATS-33 b,13.78707,2.5495551,1429.0
HATS-34 b,13.08687204,2.10615687963,1308.04
HATS-34 b,16.02887,2.1061607,1445.0
HATS-35 b,15.6593,1.82069,1958.0
HATS-35 b,16.409976,1.8209993,2037.0
HATS-36 b,12.92,4.175186,1203.0
HATS-36 b,13.843115,4.1752387,1356.0
HATS-37 A b,6.792654,4.3315366,1085.0
HATS-38 b,6.882326,4.375021,1294.0
HATS-38 b,6.46377652,4.37446138037,1154.21
HATS-39 b,17.59813,4.5776348,1645.0
HATS-39 b,19.15712228,4.57686514822,1599.56
HATS-4 b,12.90831479,2.51672571567,1240.05
HATS-4 b,11.433,2.516729,1315.0
HATS-40 b,15.09024862,3.26331647417,1912.75
HATS-40 b,17.71022,3.2642736,2101.0
HATS-41 b,11.54257023,4.19334220897,1531.55
HATS-41 b,14.90797,4.193649,1710.0
HATS-42 b,15.6926,2.292102,1856.0
HATS-42 b,13.24971416,2.29203483325,1622.35
HATS-43 b,13.89945234,4.38885164746,949.68
HATS-43 b,13.22662,4.3888497,1003.0
HATS-44 b,11.960003,2.7439004,1161.0
HATS-44 b,11.92923882,2.74390294216,1067.08
HATS-45 b,13.90023688,4.1876153815,1361.2
HATS-45 b,14.414774,4.1876244,1518.0
HATS-46 b,10.55059224,4.74237090118,970.63
HATS-46 b,10.121727,4.7423729,1054.0
HATS-47 b,12.520453,3.9228038,852.9
HATS-47 b,13.33687048,3.92280161107,788.1
HATS-48 A b,8.9672,3.1316666,954.6
HATS-48 A b,9.49951912,3.13167354484,890.56
HATS-49 b,8.574885,4.1480467,834.8
HATS-49 b,8.62854045,4.14703592335,786.72
HATS-5 b,10.2196833,4.76339524216,938.37
HATS-5 b,10.223,4.763387,1025.0
HATS-51 b,13.01103804,3.34890381843,1330.33
HATS-51 b,15.80469,3.3488702,1553.0
HATS-52 b,15.437,1.3666563,1676.0
HATS-52 b,15.490838,1.36665436,1834.0
HATS-53 b,15.02006,3.8537768,1312.0
HATS-53 b,14.7144,3.8537616,1298.0
HATS-54 b,10.5577,2.5441537,1301.0
HATS-54 b,11.37711541,2.5441765,1429.0
HATS-54 b,11.960003,2.5441828,1625.0
HATS-55 b,14.022459,4.2042001,1367.0
HATS-55 b,12.1025,4.20420780773,1210.0
HATS-56 b,18.920792,4.324799,1902.0
HATS-56 b,17.0257,4.3247708,1597.0
HATS-57 b,12.767051,2.350621,1413.4
HATS-57 b,12.801,2.3506186,1361.0
HATS-58 A b,9.86790117,4.21806867604,1128.07
HATS-58 A b,12.273855,4.2180896,1721.0
HATS-59 b,13.3752,5.4161129,1087.0
HATS-59 b,12.621334,5.416081,1128.0
HATS-6 b,11.50390062,3.32527029011,668.97
HATS-6 b,11.186582,3.3252725,712.8
HATS-60 b,10.4972,3.5608112,1390.0
HATS-60 b,12.923977,3.560829,1528.0
HATS-61 b,9.95177,7.8181434,1125.0
HATS-61 b,13.394755,7.817953,1226.1
HATS-62 b,11.825495,3.2768837,1237.0
HATS-63 b,13.529263,3.0566527,1398.3
HATS-63 b,12.51826934,3.05662771116,1265.78
HATS-64 b,18.819911,4.908897,1793.0
HATS-64 b,15.25476917,4.90969002618,1679.98
HATS-65 b,16.824709,3.105161,1634.0
HATS-66 b,15.815899,3.1414391,1998.0
HATS-66 b,13.07086402,3.14138245313,1762.2
HATS-67 b,18.887165,1.6091788,2193.0
HATS-67 b,16.7675,1.6091845,1587.0
HATS-68 b,13.809488,3.5862202,1741.0
HATS-68 b,16.47476108,3.58629619986,1658.39
HATS-69 b,10.09261891,2.22505138138,1188.0
HATS-69 b,10.592505,2.2252577,1295.7
HATS-7 b,5.42203496,3.18531859906,972.76
HATS-7 b,6.310667,3.185315,1084.0
HATS-70 b,15.513256,1.8882378,2730.0
HATS-70 b,14.47764261,1.88823101642,2800.5
HATS-71 b,11.478016,3.7955202,586.8
HATS-71 b,10.32616195,3.79551778381,525.94
HATS-72 b,9.49027,7.327945,697.0
HATS-72 b,8.0973816,7.3279474,739.3
HATS-74 A b,11.56766808,1.73185606,895.1
HATS-74 A b,12.02994928,1.73185293965,778.12
HATS-75 b,9.90873894,2.7886556,772.3
HATS-75 b,9.66512601,2.78865403243,684.72
HATS-76 b,11.75690439,1.94163656751,857.33
HATS-76 b,12.09449018,1.9416423,939.8
HATS-77 b,13.90112935,3.08762973344,798.04
HATS-77 b,13.05846252,3.0876262,828.3
HATS-8 b,9.785457,3.583893,1324.0
HATS-9 b,11.937585,1.9153073,1823.0
HATS-9 b,13.85,1.915291,1746.0
HD 101581 b,0.956,4.46569,834.0
HD 101581 b,0.97945829,4.46606796561,740.94
HD 101581 c,0.99,6.20401,747.0
HD 101581 c,1.02145994,6.20316078755,664.08
HD 106315 b,2.4,9.55385,1146.0
HD 106315 b,2.32,9.55804,1046.0
HD 106315 b,2.44,9.55237,1153.0
HD 106315 c,4.4,21.058,874.0
HD 106315 c,4.35,21.05704,886.0
HD 106315 c,4.31,21.05788,804.0
HD 108236 b,1.586,3.79523,1099.0
HD 108236 b,1.55313499,3.79588997084,1072.07
HD 108236 c,2.05674802,6.20362188553,910.15
HD 108236 c,2.068,6.2037,932.0
HD 108236 d,2.62316413,14.17589472545,691.0
HD 108236 d,2.72,14.17555,708.0
HD 108236 e,3.12,19.5917,636.0
HD 108236 e,3.00264281,19.59015780924,620.36
HD 109833 b,2.16591,9.188506,786.0
HD 109833 c,2.61368482,13.90283906518,756.7
HD 110067 b,2.2,9.113678,800.0
HD 110067 c,2.388,13.673694,699.0
HD 110067 d,2.852,20.519617,602.0
HD 110067 e,1.94,30.793091,533.0
HD 110067 f,2.601,41.05854,489.0
HD 110067 g,2.607,54.76992,440.0
HD 110082 b,3.05380568,10.1826982735,957.2
HD 110113 b,2.15331,2.5404679,1391.0
HD 110113 b,2.05,2.541,1371.0
HD 110113 c,2.11384817,6.7418795628,951.65
HD 118203 b,13.1383,6.1349783,1509.0
HD 118203 b,12.55405838,6.134989,1371.0
HD 118203 b,12.06086323,6.1349847,1360.0
HD 118203 b,12.778238,6.1349779,1361.0
HD 118203 b,12.73340208,6.134985,1494.0
HD 135694 b,2.5320132,15.92346,750.83
HD 135694 b,2.18203,15.9234883,735.0
HD 135694 b,2.51,15.92346,815.0
HD 136352 b,1.664,11.57797,905.0
HD 136352 b,1.54221286,11.57783620835,806.33
HD 136352 b,1.482,11.57779,911.0
HD 136352 c,2.70502784,27.59207175355,603.66
HD 136352 c,2.608,27.5909,682.0
HD 136352 c,2.916,27.59221,677.0
HD 136352 d,2.562,107.245,431.0
HD 137496 b,1.31,1.62116,2130.0
HD 1397 b,11.466807,11.5366,1519.0
HD 1397 b,11.500434,11.53533,1228.3
HD 149026 b,8.33267,2.8758831,1602.0
HD 149026 b,6.83749,2.8758911,1626.0
HD 149026 b,7.330686,2.87598,1634.0
HD 152843 b,3.20755401,11.62075439967,1003.11
HD 15337 b,1.699,4.75642,1006.0
HD 15337 b,1.64,4.75615,1001.0
HD 15337 b,1.72541702,4.75597367929,909.53
HD 15337 c,2.522,17.1784,656.1
HD 15337 c,2.19540344,17.18072135901,592.77
HD 15337 c,2.39,17.1784,642.0
HD 158259 b,1.28228,2.1779407,1462.0
HD 15906 b,1.90150181,10.92454779649,621.42
HD 15906 b,2.24,10.924709,668.0
HD 15906 c,2.93,21.583298,532.0
HD 17156 b,11.937585,21.216398,883.0
HD 17156 b,13.1431,21.216464,581.0
HD 183579 b,3.55,17.471278,769.0
HD 183579 b,3.57668278,17.47130782378,689.36
HD 183579 b,3.53,17.471275,748.0
HD 183579 b,3.49,17.471291,752.0
HD 18599 b,2.7,4.137437,863.0
HD 18599 b,2.67576585,4.13743791667,918.68
HD 189733 b,12.756,2.218573,1201.0
HD 189733 b,12.901559,2.21857578,1191.0
HD 189733 b,12.3,2.2,1200.0
HD 189733 b,12.542871,2.218577,1209.0
HD 189733 b,12.77826,2.22,1200.0
HD 189733 b,13.3010355,2.21857480391,1101.7
HD 191939 b,3.39512346,8.8803232,818.69
HD 191939 b,3.20594,8.8803281,777.0
HD 191939 b,3.39,8.88029,893.0
HD 191939 b,3.42,8.880403,812.0
HD 191939 b,3.41,8.8803256,880.0
HD 191939 c,3.14550353,28.580474,545.0
HD 191939 c,3.195,28.579743,600.0
HD 191939 c,3.23,28.58059,552.0
HD 191939 c,3.08,28.5805,605.0
HD 191939 c,3.1823776,28.579889,554.51
HD 191939 d,3.1168896,38.352562,502.73
HD 191939 d,3.28435831,38.3511223,494.11
HD 191939 d,2.995,38.353037,540.0
HD 191939 d,3.16,38.3561,499.0
HD 191939 d,3.04,38.3525,549.0
HD 202772 A b,24.9862,3.3088922,3184.0
HD 202772 A b,17.317905,3.308958,2132.0
HD 20329 b,1.72,0.926118,2141.0
HD 20329 b,1.67736,0.9260632,1576.0
HD 206893 b,14.01122587,9350.0,1429.2
HD 206893 c,16.36511182,2090.0,1181.9
HD 207496 b,2.25,6.441008,743.0
HD 207496 b,2.56374,6.441006,853.0
HD 207897 b,2.501,16.202159,632.2
HD 207897 b,2.34302132,16.20166,581.75
HD 207897 b,2.38101,16.2016817,641.0
HD 209458 b,15.24424,3.52,1450.0
HD 209458 b,15.7,3.5,1450.0
HD 209458 b,15.46842,3.52474859,1459.0
HD 209458 b,15.233,3.524746,1449.0
HD 209458 b,16.3776,3.5247546,1371.0
HD 213885 b,1.745,1.008035,2128.0
HD 213885 b,1.7202,1.0082361,1835.0
HD 21520 b,2.697,25.1292,637.0
HD 21749 c,1.00084,7.7897726,966.0
HD 21749 c,0.892,7.78993,701.0
HD 219134 b,1.28153171,3.0929386,950.54
HD 219134 b,1.602,3.092926,1015.0
HD 219134 b,1.533,3.09292,930.1
HD 219134 c,1.39215,6.7650398,789.0
HD 219134 c,1.511,6.76458,782.0
HD 219134 c,1.507,6.765149,715.9
HD 219134 d,1.61,46.859,410.5
HD 219134 f,1.31,22.717,522.6
HD 219666 b,4.71,6.03607,1073.0
HD 219666 b,4.898,6.034468,1076.0
HD 219666 b,4.44029,6.0344667,788.0
HD 219666 b,4.24,6.04345,838.0
HD 221416 b,8.35660775,14.27812199624,789.15
HD 22946 d,2.607,47.42489,546.0
HD 23472 b,2.0,17.667087,543.0
HD 23472 b,1.87042,17.6671687,462.0
HD 23472 c,1.87,29.79749,467.0
HD 23472 c,1.60982,29.7975205,374.0
HD 23472 d,0.757588,3.9766833,855.0
HD 23472 d,0.75,3.97664,909.0
HD 23472 e,0.969819,7.9076222,720.0
HD 23472 e,0.818,7.90754,723.0
HD 23472 f,1.137,12.1621839,630.0
HD 23472 f,1.15643,12.1623316,638.0
HD 235088 b,2.07506422,7.434151,753.95
HD 235088 b,1.97737,7.4341456,733.0
HD 235088 b,2.045,7.4341393,805.0
HD 25463 b,2.62,7.049144,1290.0
HD 25463 b,2.54535814,7.0491423,1198.46
HD 25463 b,2.84649412,7.04916084122,1199.74
HD 25463 c,1.36354953,3.04405,1585.57
HD 25463 c,1.5,3.04405,1707.0
HD 25463 c,1.33374248,3.04404408205,1587.27
HD 260655 b,1.27326,2.7694936,602.0
HD 260655 b,1.24,2.76953,709.0
HD 260655 c,1.533,5.70588,557.0
HD 260655 c,1.89602,5.7060868,593.0
HD 2685 b,17.0952,4.1269046,1715.0
HD 2685 b,16.14096,4.12688,2061.0
HD 28109 b,2.55946293,22.8909855,803.99
HD 28109 b,2.199,22.89104,881.2
HD 28109 c,4.23,56.00819,585.2
HD 28109 c,4.60744436,56.00450564844,596.67
HD 28109 d,3.43591025,84.26076445013,520.71
HD 28109 d,3.25,84.25999,506.5
HD 3167 b,1.7,0.959624,1669.0
HD 3167 b,1.67,0.959641,1774.0
HD 3167 b,1.627,0.95965428,1777.0
HD 3167 b,1.574,0.959632,1759.0
HD 3167 b,1.557,0.959628,1860.0
HD 3167 c,3.0,29.8454,564.0
HD 3167 c,2.85,29.8454,500.0
HD 3167 c,2.923,29.8464948,565.0
HD 3167 c,2.86,29.83832,531.0
HD 3167 c,2.74,29.84622,548.0
HD 332231 b,9.07303305,18.712024,798.3
HD 332231 b,9.718203,18.71204,876.0
HD 332231 b,10.3984,18.712253,1008.0
